CustomerID,City,Zone,AvgOrderValue,DeliveryTimeMinutes,OrderFrequency,DeliveryCost,CustomerSegment,SatisfactionScore,ReturnedOrders,,,ProfitPerOrder,Cost2Value,ReturnRate,LOWSCORE,DTIMECAT,CUSTOMERCHURN
1,Hubli,Zone B,259.87,33.06,1,80.23,Budget,4,0,,,179.64,0.308731289,0,#NAME?,Average,0
2,Warangal,Zone A,422.77,30.27,2,67.61,Mid-range,1,0,,,355.16,0.15992147,0,FALSE,Average,0
3,Guntur,Zone A,384.75,27.38,4,72.92,Premium,2,0,,,311.83,0.189525666,0,FALSE,Average,0
4,Nashik,Zone A,596.63,26.89,3,66.75,Mid-range,4,0,,,529.88,0.111878384,0,FALSE,Average,0
5,Warangal,Zone A,219.01,30.31,2,61.95,Budget,5,0,,,157.06,0.282863796,0,FALSE,Average,0
6,Ujjain,Zone D,313.14,29.92,5,56.4,Premium,2,0,,,256.74,0.180111132,0,FALSE,Average,0
7,Guntur,Zone A,388.9,30.9,1,44.77,Mid-range,2,0,,,344.13,0.115119568,0,FALSE,Average,0
8,Ujjain,Zone C,453.72,24.19,2,53.3,Budget,3,0,,,400.42,0.117473332,0,FALSE,Fast,0
9,Ujjain,Zone C,470.24,21.49,0,54.89,Budget,1,0,,,415.35,0.116727628,0,FALSE,Fast,0
10,Nashik,Zone C,471.65,27.61,1,66.84,Mid-range,5,0,,,404.81,0.141715255,0,FALSE,Average,0
11,Warangal,Zone A,376.58,20.04,0,66,Mid-range,5,1,,,310.58,0.175261565,0,FALSE,Fast,0
12,Ujjain,Zone D,197.25,29.48,6,54.72,Budget,4,1,,,142.53,0.277414449,0.166666667,FALSE,Average,0
13,Nashik,Zone B,419.95,17.7,4,57.39,Budget,5,0,,,362.56,0.136659126,0,FALSE,Fast,0
14,Ujjain,Zone B,409.87,30.23,2,75.21,Premium,2,0,,,334.66,0.183497206,0,FALSE,Average,0
15,Ujjain,Zone A,516.63,29.82,3,61.47,Premium,5,0,,,455.16,0.118982637,0,FALSE,Average,0
16,Guntur,Zone A,307.43,30.43,2,55.32,Mid-range,5,0,,,252.11,0.179943402,0,FALSE,Average,0
17,Guntur,Zone B,618.8,32.17,3,71.45,Budget,4,0,,,547.35,0.115465417,0,FALSE,Average,0
18,Nashik,Zone D,396.71,29.91,5,64.95,Mid-range,3,0,,,331.76,0.16372161,0,FALSE,Average,0
19,Ujjain,Zone D,400.59,38.23,4,59.85,Premium,5,0,,,340.74,0.149404628,0,FALSE,Slow,0
20,Nashik,Zone B,371.94,26.86,2,54.33,Budget,3,0,,,317.61,0.146071947,0,FALSE,Average,0
21,Ujjain,Zone A,602.7,28.59,5,63.06,Mid-range,3,0,,,539.64,0.104629169,0,FALSE,Average,0
22,Hubli,Zone A,498.58,29.17,3,71.43,Mid-range,4,0,,,427.15,0.143266878,0,FALSE,Average,0
23,Hubli,Zone C,343.22,33.7,3,41.62,Premium,4,0,,,301.6,0.12126333,0,FALSE,Average,0
24,Warangal,Zone D,340.58,26.93,5,83.78,Budget,4,0,,,256.8,0.245992131,0,FALSE,Average,0
25,Hubli,Zone C,354.85,23.53,6,80.87,Mid-range,3,0,,,273.98,0.227899112,0,FALSE,Fast,0
26,Warangal,Zone C,533.81,35.3,4,66.2,Mid-range,1,0,,,467.61,0.124014162,0,FALSE,Slow,0
27,Hubli,Zone B,461.38,26.69,1,66.46,Mid-range,5,0,,,394.92,0.144046123,0,FALSE,Average,0
28,Warangal,Zone B,418.86,25.22,5,54.08,Budget,3,0,,,364.78,0.129112353,0,FALSE,Average,0
29,Nashik,Zone A,305.29,33.52,2,65.69,Premium,1,0,,,239.6,0.215172459,0,FALSE,Average,0
30,Hubli,Zone A,423.88,26.7,2,43.92,Premium,1,0,,,379.96,0.10361423,0,FALSE,Average,0
31,Warangal,Zone C,469.58,22.47,4,72.49,Budget,4,1,,,397.09,0.154371992,0.25,FALSE,Fast,0
32,Guntur,Zone B,483.48,30.5,6,75.69,Budget,4,0,,,407.79,0.156552494,0,FALSE,Average,0
33,Nashik,Zone A,464.25,31.29,2,65.23,Budget,2,0,,,399.02,0.140506193,0,FALSE,Average,0
34,Warangal,Zone B,452.83,33.03,2,53.74,Premium,5,0,,,399.09,0.118675883,0,FALSE,Average,0
35,Hubli,Zone B,297.25,25.91,3,64.1,Premium,2,0,,,233.15,0.215643398,0,FALSE,Average,0
36,Hubli,Zone B,481.13,29.84,1,44.16,Premium,5,0,,,436.97,0.091783925,0,FALSE,Average,0
37,Warangal,Zone C,222.46,23.42,0,53.24,Mid-range,4,0,,,169.22,0.239323923,0,FALSE,Fast,0
38,Hubli,Zone A,460.3,30.6,7,54.32,Mid-range,2,0,,,405.98,0.118009993,0,FALSE,Average,0
39,Guntur,Zone B,353.17,16.76,3,68,Budget,4,0,,,285.17,0.192541835,0,FALSE,Fast,0
40,Hubli,Zone C,502.08,33.07,1,52.83,Premium,4,0,,,449.25,0.105222275,0,FALSE,Average,0
41,Warangal,Zone A,397.7,26.48,0,61.86,Premium,4,1,,,335.84,0.15554438,0,FALSE,Average,0
42,Warangal,Zone A,601.31,26.72,7,66.26,Budget,2,0,,,535.05,0.110192746,0,FALSE,Average,0
43,Ujjain,Zone B,363.02,22.88,6,62.2,Budget,1,0,,,300.82,0.171340422,0,FALSE,Fast,0
44,Nashik,Zone D,368.88,35.54,4,79.35,Mid-range,1,0,,,289.53,0.215110605,0,FALSE,Slow,0
45,Guntur,Zone C,367.41,28.15,1,58.28,Budget,5,0,,,309.13,0.158623881,0,FALSE,Average,0
46,Ujjain,Zone A,393.62,26.79,3,65.39,Premium,2,0,,,328.23,0.166124689,0,FALSE,Average,0
47,Guntur,Zone C,462.78,12.91,2,81.37,Mid-range,4,0,,,381.41,0.175828687,0,FALSE,Fast,0
48,Warangal,Zone A,290.37,26.55,4,80.49,Premium,2,1,,,209.88,0.277198058,0.25,FALSE,Average,0
49,Nashik,Zone D,298.84,34.05,8,63.66,Mid-range,1,0,,,235.18,0.213023692,0,FALSE,Average,0
50,Nashik,Zone D,367,44.12,4,50.78,Budget,4,0,,,316.22,0.138365123,0,FALSE,Slow,0
51,Warangal,Zone D,310.83,29.11,4,64.43,Premium,3,0,,,246.4,0.207283724,0,FALSE,Average,0
52,Nashik,Zone C,317.42,37.31,1,68.28,Budget,5,0,,,249.14,0.215109319,0,FALSE,Slow,0
53,Ujjain,Zone A,511.7,23.71,2,62.84,Mid-range,1,0,,,448.86,0.122806332,0,FALSE,Fast,0
54,Nashik,Zone A,343.64,26.8,3,74.74,Budget,2,0,,,268.9,0.217495053,0,FALSE,Average,0
55,Ujjain,Zone A,428.52,26.71,3,80.75,Mid-range,2,0,,,347.77,0.188439279,0,FALSE,Average,0
56,Ujjain,Zone B,436.01,21.68,3,47.8,Budget,1,0,,,388.21,0.109630513,0,FALSE,Fast,0
57,Nashik,Zone B,404.52,32.19,3,63.76,Budget,2,0,,,340.76,0.157618906,0,FALSE,Average,0
58,Nashik,Zone C,377.28,38.44,1,66.68,Budget,1,0,,,310.6,0.176738762,0,FALSE,Slow,0
59,Hubli,Zone C,389.33,30.45,2,70.88,Mid-range,1,0,,,318.45,0.182056353,0,FALSE,Average,0
60,Nashik,Zone C,407.1,29.27,2,60.83,Mid-range,1,0,,,346.27,0.149422746,0,FALSE,Average,0
61,Ujjain,Zone B,442.32,23.97,4,70.39,Mid-range,1,0,,,371.93,0.159138181,0,FALSE,Fast,0
62,Ujjain,Zone D,485.84,30.27,2,50.34,Mid-range,1,0,,,435.5,0.103614359,0,FALSE,Average,0
63,Warangal,Zone D,455.87,34.83,5,64.48,Mid-range,2,0,,,391.39,0.141443833,0,FALSE,Average,0
64,Ujjain,Zone A,434.97,19.85,4,46.23,Mid-range,1,0,,,388.74,0.106283192,0,FALSE,Fast,0
65,Hubli,Zone D,612.39,27.66,3,70.88,Budget,4,0,,,541.51,0.115743236,0,FALSE,Average,0
66,Hubli,Zone B,295.18,32.33,7,60.22,Mid-range,2,0,,,234.96,0.204011112,0,FALSE,Average,0
67,Ujjain,Zone D,314.55,31.56,2,53.2,Mid-range,4,0,,,261.35,0.169130504,0,FALSE,Average,0
68,Ujjain,Zone D,410.45,27.7,5,61,Mid-range,3,0,,,349.45,0.148617371,0,FALSE,Average,0
69,Warangal,Zone D,219.49,26.53,1,59.8,Budget,4,0,,,159.69,0.27244977,0,FALSE,Average,0
70,Ujjain,Zone C,492.79,31.31,2,57.64,Mid-range,5,0,,,435.15,0.116966659,0,FALSE,Average,0
71,Ujjain,Zone C,438.71,33.95,7,65.12,Budget,1,0,,,373.59,0.148435185,0,FALSE,Average,0
72,Nashik,Zone C,348.98,31.08,4,64.92,Budget,5,0,,,284.06,0.186027853,0,FALSE,Average,0
73,Guntur,Zone D,438.77,20.86,5,66.02,Mid-range,5,1,,,372.75,0.150466076,0.2,FALSE,Fast,0
74,Warangal,Zone A,418.23,28.9,2,74.58,Mid-range,3,0,,,343.65,0.178322932,0,FALSE,Average,0
75,Warangal,Zone D,212.51,27.86,3,56.56,Mid-range,5,1,,,155.95,0.266152181,0.333333333,FALSE,Average,0
76,Hubli,Zone C,478.07,28.69,2,50.55,Budget,4,0,,,427.52,0.105737653,0,FALSE,Average,0
77,Hubli,Zone B,200.34,37.04,3,74.14,Budget,4,1,,,126.2,0.37007088,0.333333333,FALSE,Slow,0
78,Ujjain,Zone D,288.49,30.67,3,52.55,Budget,5,0,,,235.94,0.182155361,0,FALSE,Average,0
79,Guntur,Zone D,595.09,32.97,3,59.85,Budget,4,0,,,535.24,0.100573023,0,FALSE,Average,0
80,Ujjain,Zone D,388.32,35.37,2,65.97,Mid-range,3,0,,,322.35,0.169885661,0,FALSE,Slow,0
81,Guntur,Zone A,462.15,28.09,1,61.17,Mid-range,5,0,,,400.98,0.132359623,0,FALSE,Average,0
82,Warangal,Zone C,349.89,20.78,3,77.55,Premium,4,0,,,272.34,0.221641087,0,FALSE,Fast,0
83,Warangal,Zone D,586.49,31,4,44.61,Mid-range,5,0,,,541.88,0.076062678,0,FALSE,Average,0
84,Ujjain,Zone D,491.77,24.81,2,67.55,Mid-range,3,0,,,424.22,0.137360961,0,FALSE,Fast,0
85,Guntur,Zone A,350.7,30.74,4,74.89,Mid-range,5,0,,,275.81,0.21354434,0,FALSE,Average,0
86,Hubli,Zone C,500.91,26.63,7,62.22,Premium,1,0,,,438.69,0.124213931,0,FALSE,Average,0
87,Hubli,Zone D,493.67,31.81,2,72.16,Mid-range,1,0,,,421.51,0.146170519,0,FALSE,Average,0
88,Ujjain,Zone D,310,27.73,4,54.24,Mid-range,3,0,,,255.76,0.174967742,0,FALSE,Average,0
89,Guntur,Zone A,354.05,28.54,5,56.59,Mid-range,4,0,,,297.46,0.159836181,0,FALSE,Average,0
90,Hubli,Zone C,429.9,34.68,6,57.4,Premium,4,0,,,372.5,0.133519423,0,FALSE,Average,0
91,Warangal,Zone D,267.94,26.68,6,62.65,Mid-range,2,0,,,205.29,0.233821005,0,FALSE,Average,0
92,Hubli,Zone C,395.08,29.5,4,70.34,Premium,1,0,,,324.74,0.178039891,0,FALSE,Average,0
93,Hubli,Zone C,454.9,23.42,7,70.66,Mid-range,3,0,,,384.24,0.155330842,0,FALSE,Fast,0
94,Hubli,Zone D,530.15,26.44,1,55.23,Mid-range,2,0,,,474.92,0.104178063,0,FALSE,Average,0
95,Ujjain,Zone C,382.39,31.47,2,57.83,Premium,1,0,,,324.56,0.151233034,0,FALSE,Average,0
96,Nashik,Zone C,353.86,30.42,2,60.81,Mid-range,1,0,,,293.05,0.171847623,0,FALSE,Average,0
97,Guntur,Zone A,451.64,28.74,1,47.09,Mid-range,2,0,,,404.55,0.104264458,0,FALSE,Average,0
98,Warangal,Zone B,299.92,31.48,3,76.37,Budget,1,0,,,223.55,0.254634569,0,FALSE,Average,0
99,Ujjain,Zone B,551.89,25.03,2,73.03,Mid-range,3,0,,,478.86,0.132327094,0,FALSE,Average,0
100,Warangal,Zone D,396.12,30.6,4,60.51,Mid-range,1,0,,,335.61,0.15275674,0,FALSE,Average,0
101,Guntur,Zone C,499.19,27.65,8,66.84,Mid-range,2,0,,,432.35,0.133896913,0,FALSE,Average,0
102,Warangal,Zone C,253.15,23.43,2,81.97,Mid-range,3,0,,,171.18,0.323800119,0,FALSE,Fast,0
103,Guntur,Zone B,406.84,25.91,1,72.55,Mid-range,3,0,,,334.29,0.178325632,0,FALSE,Average,0
104,Ujjain,Zone C,564.57,27.36,4,56.13,Mid-range,4,0,,,508.44,0.099420798,0,FALSE,Average,0
105,Hubli,Zone B,467.09,30.37,3,58.16,Mid-range,4,0,,,408.93,0.124515618,0,FALSE,Average,0
106,Hubli,Zone B,360.18,26.61,3,70.74,Premium,2,0,,,289.44,0.196401799,0,FALSE,Average,0
107,Nashik,Zone C,354.28,29.5,1,63.04,Budget,1,0,,,291.24,0.177938354,0,FALSE,Average,0
108,Warangal,Zone A,450.03,24.31,4,76.27,Premium,1,0,,,373.76,0.16947759,0,FALSE,Fast,0
109,Warangal,Zone B,328.31,24.91,2,52.26,Mid-range,2,0,,,276.05,0.159178825,0,FALSE,Fast,0
110,Ujjain,Zone C,383.48,31.98,0,72.16,Budget,5,0,,,311.32,0.188171482,0,FALSE,Average,0
111,Hubli,Zone D,538.34,28.44,2,47.37,Premium,5,0,,,490.97,0.087992718,0,FALSE,Average,0
112,Nashik,Zone B,530.9,19.8,1,65.19,Budget,1,0,,,465.71,0.122791486,0,FALSE,Fast,0
113,Nashik,Zone C,320.95,25.17,2,48.59,Premium,2,0,,,272.36,0.151394298,0,FALSE,Average,0
114,Hubli,Zone A,509.23,25.32,4,69.15,Mid-range,4,0,,,440.08,0.135793256,0,FALSE,Average,0
115,Hubli,Zone A,466.22,28.85,0,62.54,Mid-range,2,0,,,403.68,0.134142679,0,FALSE,Average,0
116,Ujjain,Zone A,421.54,27.27,1,65.32,Mid-range,1,0,,,356.22,0.154955639,0,FALSE,Average,0
117,Guntur,Zone D,455.87,40.12,3,61.93,Mid-range,3,0,,,393.94,0.135850133,0,FALSE,Slow,0
118,Hubli,Zone B,257.06,30.11,3,48,Mid-range,5,0,,,209.06,0.186726834,0,FALSE,Average,0
119,Nashik,Zone A,451.65,22.95,4,70.13,Premium,2,0,,,381.52,0.155275102,0,FALSE,Fast,0
120,Nashik,Zone A,460.63,29.6,0,72.58,Budget,3,0,,,388.05,0.157566811,0,FALSE,Average,0
121,Hubli,Zone B,376.84,30.26,6,59.16,Budget,2,0,,,317.68,0.156989704,0,FALSE,Average,0
122,Nashik,Zone C,351.85,29.1,3,65.22,Premium,3,0,,,286.63,0.185363081,0,FALSE,Average,0
123,Guntur,Zone A,360.8,27.9,3,70.79,Budget,3,0,,,290.01,0.196202882,0,FALSE,Average,0
124,Ujjain,Zone D,478.76,33.79,3,67.89,Mid-range,4,0,,,410.87,0.141803827,0,FALSE,Average,0
125,Hubli,Zone B,226.09,33.85,4,72.7,Mid-range,3,0,,,153.39,0.321553364,0,FALSE,Average,0
126,Warangal,Zone C,327.79,34.27,3,69.31,Budget,1,0,,,258.48,0.211446353,0,FALSE,Average,0
127,Ujjain,Zone A,292.78,28.81,1,67.53,Budget,2,0,,,225.25,0.230651001,0,FALSE,Average,0
128,Hubli,Zone D,437.13,30.65,1,66,Mid-range,1,0,,,371.13,0.150984833,0,FALSE,Average,0
129,Nashik,Zone D,361.11,17.27,4,55.8,Budget,3,0,,,305.31,0.154523552,0,FALSE,Fast,0
130,Hubli,Zone A,348.83,35.39,3,70.53,Budget,4,0,,,278.3,0.202190179,0,FALSE,Slow,0
131,Guntur,Zone B,479.02,23.38,3,56.32,Budget,5,0,,,422.7,0.117573379,0,FALSE,Fast,0
132,Ujjain,Zone A,430.24,26.31,3,74,Mid-range,5,0,,,356.24,0.171997025,0,FALSE,Average,0
133,Nashik,Zone B,369.9,22.03,4,67.08,Budget,2,0,,,302.82,0.18134631,0,FALSE,Fast,0
134,Guntur,Zone B,389.92,29.63,4,61.39,Premium,3,0,,,328.53,0.157442552,0,FALSE,Average,0
135,Ujjain,Zone C,321.89,28.16,4,74.63,Premium,2,0,,,247.26,0.23184939,0,FALSE,Average,0
136,Guntur,Zone C,310.81,29.47,2,59.08,Mid-range,5,0,,,251.73,0.190083974,0,FALSE,Average,0
137,Nashik,Zone B,487.32,24.62,3,55.66,Budget,1,0,,,431.66,0.114216531,0,FALSE,Fast,0
138,Guntur,Zone D,391.44,25.81,2,79.52,Budget,3,0,,,311.92,0.203147353,0,FALSE,Average,0
139,Ujjain,Zone B,401.03,33.08,3,44.81,Mid-range,1,0,,,356.22,0.111737277,0,FALSE,Average,0
140,Nashik,Zone B,422.26,25.15,2,72.59,Premium,3,0,,,349.67,0.171908303,0,FALSE,Average,0
141,Guntur,Zone B,236.13,27.28,1,69.86,Mid-range,4,0,,,166.27,0.295853979,0,FALSE,Average,0
142,Hubli,Zone B,438.41,26.48,2,64.98,Budget,1,0,,,373.43,0.148217422,0,FALSE,Average,0
143,Warangal,Zone B,407.74,26.1,5,72.07,Budget,4,1,,,335.67,0.176754795,0.2,FALSE,Average,0
144,Hubli,Zone B,202.11,30.14,2,54.65,Budget,5,0,,,147.46,0.270397308,0,FALSE,Average,0
145,Nashik,Zone B,416.11,32.4,6,71.64,Budget,1,0,,,344.47,0.172166014,0,FALSE,Average,0
146,Warangal,Zone C,497.46,37.86,4,52.54,Mid-range,4,0,,,444.92,0.105616532,0,FALSE,Slow,0
147,Hubli,Zone D,385.34,24.68,3,65.49,Mid-range,3,0,,,319.85,0.169953807,0,FALSE,Fast,0
148,Warangal,Zone A,306.79,37.97,3,77.36,Budget,5,0,,,229.43,0.252159458,0,FALSE,Slow,0
149,Warangal,Zone A,340.66,25.6,4,68.21,Budget,1,0,,,272.45,0.200228967,0,FALSE,Average,0
150,Hubli,Zone A,374.04,32.12,1,55.46,Mid-range,5,0,,,318.58,0.148272912,0,FALSE,Average,0
151,Warangal,Zone B,289.42,30.26,2,90.34,Mid-range,4,0,,,199.08,0.312141524,0,FALSE,Average,0
152,Nashik,Zone D,473.49,32.69,3,73.65,Mid-range,2,0,,,399.84,0.155547108,0,FALSE,Average,0
153,Warangal,Zone A,591.55,32.69,3,58.41,Budget,2,0,,,533.14,0.098740597,0,FALSE,Average,0
154,Guntur,Zone C,334.15,22.04,2,73.18,Mid-range,3,0,,,260.97,0.219003442,0,FALSE,Fast,0
155,Guntur,Zone C,505.5,32.74,1,64.19,Budget,3,0,,,441.31,0.126983185,0,FALSE,Average,0
156,Ujjain,Zone C,314.76,21.42,0,76.01,Mid-range,5,0,,,238.75,0.241485576,0,FALSE,Fast,0
157,Guntur,Zone A,319.41,24.02,4,53.54,Premium,4,0,,,265.87,0.167621552,0,FALSE,Fast,0
158,Hubli,Zone A,411.13,31.03,2,72.95,Premium,5,1,,,338.18,0.177437793,0.5,FALSE,Average,0
159,Guntur,Zone C,384.36,26.91,2,66.98,Budget,1,0,,,317.38,0.174263711,0,FALSE,Average,0
160,Guntur,Zone A,311,23.58,4,65.71,Budget,3,0,,,245.29,0.211286174,0,FALSE,Fast,0
161,Ujjain,Zone D,175.43,28.46,3,56.32,Premium,3,0,,,119.11,0.321039731,0,FALSE,Average,0
162,Ujjain,Zone A,482.05,35.73,3,62.36,Budget,3,0,,,419.69,0.129364174,0,FALSE,Slow,0
163,Warangal,Zone C,609.99,33.76,4,49.49,Budget,2,0,,,560.5,0.081132478,0,FALSE,Average,0
164,Ujjain,Zone D,539.56,27.57,6,76.13,Mid-range,5,0,,,463.43,0.141096449,0,FALSE,Average,0
165,Guntur,Zone C,327.36,34.75,3,49.33,Budget,4,0,,,278.03,0.150690371,0,FALSE,Average,0
166,Guntur,Zone B,447.64,32.86,8,60.79,Budget,2,0,,,386.85,0.13580109,0,FALSE,Average,0
167,Warangal,Zone B,434.63,25.93,2,69.43,Premium,2,0,,,365.2,0.159745071,0,FALSE,Average,0
168,Hubli,Zone C,424.2,28.63,1,59.45,Mid-range,2,0,,,364.75,0.140146157,0,FALSE,Average,0
169,Ujjain,Zone D,306.71,23.9,1,73.55,Mid-range,4,0,,,233.16,0.239803071,0,FALSE,Fast,0
170,Nashik,Zone B,402.25,28.12,2,46.8,Mid-range,5,0,,,355.45,0.116345556,0,FALSE,Average,0
171,Warangal,Zone B,289.94,29.75,2,56.53,Mid-range,3,0,,,233.41,0.194971373,0,FALSE,Average,0
172,Ujjain,Zone A,341.68,32.57,6,47.94,Budget,4,0,,,293.74,0.14030672,0,FALSE,Average,0
173,Ujjain,Zone A,364.26,26.83,3,43.3,Mid-range,4,0,,,320.96,0.118871136,0,FALSE,Average,0
174,Nashik,Zone C,529.12,31.78,1,67.01,Budget,3,0,,,462.11,0.126644239,0,FALSE,Average,0
175,Warangal,Zone B,244.08,15.25,3,52.34,Mid-range,4,1,,,191.74,0.214437889,0.333333333,FALSE,Fast,0
176,Hubli,Zone D,342.04,35.06,4,69.9,Premium,2,0,,,272.14,0.204362063,0,FALSE,Slow,0
177,Nashik,Zone B,297.61,31.37,3,69.05,Mid-range,1,0,,,228.56,0.232015053,0,FALSE,Average,0
178,Hubli,Zone C,339.49,28.47,1,62.03,Budget,2,0,,,277.46,0.182715249,0,FALSE,Average,0
179,Guntur,Zone A,365.86,25.51,4,63.35,Premium,5,0,,,302.51,0.173153665,0,FALSE,Average,0
180,Hubli,Zone B,340.31,28.98,5,54.11,Mid-range,5,0,,,286.2,0.159002086,0,FALSE,Average,0
181,Warangal,Zone B,511.51,23.03,3,56.89,Mid-range,4,0,,,454.62,0.111219722,0,FALSE,Fast,0
182,Hubli,Zone B,472.34,25.05,4,63.98,Budget,3,0,,,408.36,0.135453275,0,FALSE,Average,0
183,Hubli,Zone D,548.14,27.69,2,88.79,Premium,2,0,,,459.35,0.161984165,0,FALSE,Average,0
184,Warangal,Zone C,372.76,27.27,2,76.67,Mid-range,4,0,,,296.09,0.20568194,0,FALSE,Average,0
185,Hubli,Zone C,449.44,32.22,4,48.91,Mid-range,4,0,,,400.53,0.108824315,0,FALSE,Average,0
186,Ujjain,Zone D,306.14,26.07,1,81.01,Mid-range,3,0,,,225.13,0.264617495,0,FALSE,Average,0
187,Hubli,Zone C,544.06,27.95,2,64.75,Mid-range,1,0,,,479.31,0.119012609,0,FALSE,Average,0
188,Ujjain,Zone D,324.88,31.42,2,50.05,Premium,1,0,,,274.83,0.154056883,0,FALSE,Average,0
189,Ujjain,Zone D,309.17,26.45,3,60.49,Premium,1,0,,,248.68,0.195652877,0,FALSE,Average,0
190,Warangal,Zone D,433.03,31.4,4,52.41,Budget,4,0,,,380.62,0.121030875,0,FALSE,Average,0
191,Guntur,Zone B,314.95,30.16,6,55.85,Mid-range,3,0,,,259.1,0.177329735,0,FALSE,Average,0
192,Hubli,Zone A,477.09,24.08,3,65.09,Budget,1,0,,,412,0.136431281,0,FALSE,Fast,0
193,Guntur,Zone C,355.66,25.53,2,63.03,Budget,3,0,,,292.63,0.177219817,0,FALSE,Average,0
194,Nashik,Zone D,442.4,27.25,4,72.31,Premium,2,1,,,370.09,0.163449367,0.25,FALSE,Average,0
195,Warangal,Zone C,435.02,20.04,3,54.88,Premium,5,0,,,380.14,0.126155119,0,FALSE,Fast,0
196,Warangal,Zone B,477.12,32.37,4,84.28,Budget,2,0,,,392.84,0.176643192,0,FALSE,Average,0
197,Nashik,Zone C,241.55,30.08,0,80.25,Budget,4,0,,,161.3,0.332229352,0,FALSE,Average,0
198,Hubli,Zone A,332.68,21.66,7,69.93,Mid-range,3,0,,,262.75,0.210201996,0,FALSE,Fast,0
199,Nashik,Zone A,331.83,27.67,2,68.19,Budget,4,0,,,263.64,0.205496791,0,FALSE,Average,0
200,Hubli,Zone C,405.23,38.92,1,74.91,Budget,1,0,,,330.32,0.184857982,0,FALSE,Slow,0
201,Nashik,Zone C,342.69,32.12,1,51.62,Mid-range,1,0,,,291.07,0.150631766,0,FALSE,Average,0
202,Hubli,Zone A,293.27,20.7,2,62.1,Budget,1,1,,,231.17,0.211750264,0.5,FALSE,Fast,0
203,Warangal,Zone B,326.96,23.35,3,52.02,Premium,3,0,,,274.94,0.159102031,0,FALSE,Fast,0
204,Ujjain,Zone C,271.68,29.75,3,60.42,Premium,5,0,,,211.26,0.222393993,0,FALSE,Average,0
205,Guntur,Zone A,463.66,32.6,3,57.34,Budget,2,0,,,406.32,0.123668205,0,FALSE,Average,0
206,Hubli,Zone D,300.58,33.24,0,66.35,Mid-range,1,0,,,234.23,0.220739903,0,FALSE,Average,0
207,Warangal,Zone D,213.17,28.39,5,67.32,Premium,4,0,,,145.85,0.315804288,0,FALSE,Average,0
208,Warangal,Zone D,428.59,20.06,4,56.31,Mid-range,5,0,,,372.28,0.131384307,0,FALSE,Fast,0
209,Nashik,Zone C,323.26,32.59,4,52.77,Mid-range,2,0,,,270.49,0.16324321,0,FALSE,Average,0
210,Warangal,Zone D,570.9,23.56,6,61.41,Mid-range,5,1,,,509.49,0.107566999,0.166666667,FALSE,Fast,0
211,Guntur,Zone B,368.48,22.67,5,91.01,Budget,3,0,,,277.47,0.246987625,0,FALSE,Fast,0
212,Warangal,Zone A,504.17,30.23,7,84.8,Mid-range,3,0,,,419.37,0.168197235,0,FALSE,Average,0
213,Guntur,Zone D,370.99,25.99,3,60.58,Budget,4,0,,,310.41,0.163292811,0,FALSE,Average,0
214,Warangal,Zone A,573.13,22.78,6,78.43,Budget,1,0,,,494.7,0.136845044,0,FALSE,Fast,0
215,Nashik,Zone B,444.65,26.54,3,61.34,Premium,2,0,,,383.31,0.137951198,0,FALSE,Average,0
216,Guntur,Zone C,355.3,24.18,4,64.99,Mid-range,5,0,,,290.31,0.182915846,0,FALSE,Fast,0
217,Guntur,Zone A,373.95,28.1,3,73.03,Premium,3,0,,,300.92,0.195293488,0,FALSE,Average,0
218,Guntur,Zone B,419.03,25.79,3,65.09,Premium,3,0,,,353.94,0.15533494,0,FALSE,Average,0
219,Guntur,Zone D,510.24,36.59,5,48,Budget,4,0,,,462.24,0.094073377,0,FALSE,Slow,0
220,Warangal,Zone B,339.15,23.8,3,73.7,Premium,1,0,,,265.45,0.217307976,0,FALSE,Fast,0
221,Guntur,Zone C,336.7,25.34,2,64.18,Premium,3,1,,,272.52,0.190614791,0.5,FALSE,Average,0
222,Warangal,Zone C,377.81,34.85,4,77.23,Budget,3,0,,,300.58,0.204414918,0,FALSE,Average,0
223,Ujjain,Zone A,410.16,31.02,8,61.93,Mid-range,3,0,,,348.23,0.150989858,0,FALSE,Average,0
224,Nashik,Zone C,348.49,24.74,3,62.09,Premium,3,0,,,286.4,0.178168671,0,FALSE,Fast,0
225,Warangal,Zone C,459.79,30,3,69.4,Budget,4,0,,,390.39,0.150938472,0,FALSE,Average,0
226,Warangal,Zone B,443.17,33.43,1,59.47,Mid-range,1,0,,,383.7,0.134192296,0,FALSE,Average,0
227,Guntur,Zone D,355.82,26.82,5,81.91,Mid-range,5,0,,,273.91,0.230200663,0,FALSE,Average,0
228,Ujjain,Zone D,502.2,29.81,2,72.99,Budget,2,0,,,429.21,0.145340502,0,FALSE,Average,0
229,Nashik,Zone D,443.38,20.85,2,59.33,Budget,5,0,,,384.05,0.133812982,0,FALSE,Fast,0
230,Hubli,Zone A,387.48,18.9,2,86.35,Budget,5,0,,,301.13,0.222850212,0,FALSE,Fast,0
231,Ujjain,Zone A,172.24,28.49,2,63.69,Mid-range,4,0,,,108.55,0.369774733,0,FALSE,Average,0
232,Nashik,Zone D,527.18,25.58,6,51.61,Mid-range,5,0,,,475.57,0.097898251,0,FALSE,Average,0
233,Nashik,Zone C,463.21,32.08,7,70.64,Budget,3,0,,,392.57,0.152501025,0,FALSE,Average,0
234,Warangal,Zone D,289.87,19.01,1,72.45,Premium,4,0,,,217.42,0.249939628,0,FALSE,Fast,0
235,Ujjain,Zone A,287.54,28.53,1,73.04,Mid-range,4,0,,,214.5,0.254016832,0,FALSE,Average,0
236,Guntur,Zone D,473.03,29.5,2,53.63,Mid-range,1,0,,,419.4,0.113375473,0,FALSE,Average,0
237,Nashik,Zone C,307.22,28.04,3,57.6,Mid-range,4,0,,,249.62,0.187487794,0,FALSE,Average,0
238,Ujjain,Zone A,378.26,29.44,3,43.91,Mid-range,4,0,,,334.35,0.116084175,0,FALSE,Average,0
239,Guntur,Zone A,446.35,29.05,2,62.51,Mid-range,5,1,,,383.84,0.140047048,0.5,FALSE,Average,0
240,Warangal,Zone A,277.69,38.22,5,64.07,Budget,4,0,,,213.62,0.230724909,0,FALSE,Slow,0
241,Guntur,Zone D,421.22,21.66,7,50.18,Mid-range,5,0,,,371.04,0.119130146,0,FALSE,Fast,0
242,Warangal,Zone C,334.6,33.98,3,80.93,Mid-range,2,0,,,253.67,0.241870891,0,FALSE,Average,0
243,Guntur,Zone B,425.47,33.3,0,66.47,Budget,4,0,,,359,0.156227231,0,FALSE,Average,0
244,Hubli,Zone C,461.05,30.2,5,71.4,Budget,4,1,,,389.65,0.154863898,0.2,FALSE,Average,0
245,Guntur,Zone B,512.33,38.32,1,72.44,Mid-range,5,0,,,439.89,0.141393243,0,FALSE,Slow,0
246,Guntur,Zone B,468.74,31.45,6,69.12,Budget,3,0,,,399.62,0.147459146,0,FALSE,Average,0
247,Ujjain,Zone D,464.75,33.14,2,56.82,Mid-range,2,0,,,407.93,0.122259279,0,FALSE,Average,0
248,Ujjain,Zone A,217.98,29.51,2,76.32,Mid-range,2,0,,,141.66,0.350123865,0,FALSE,Average,0
249,Warangal,Zone A,589.06,26.63,1,62.45,Budget,2,0,,,526.61,0.106016365,0,FALSE,Average,0
250,Nashik,Zone A,381.34,35.42,2,56.82,Premium,4,0,,,324.52,0.149000892,0,FALSE,Slow,0
251,Warangal,Zone C,423.18,25.62,4,54.9,Budget,3,0,,,368.28,0.129732029,0,FALSE,Average,0
252,Guntur,Zone B,472.26,33.23,4,62.34,Budget,3,0,,,409.92,0.132003557,0,FALSE,Average,0
253,Guntur,Zone D,483.5,18.2,5,58.45,Premium,1,0,,,425.05,0.120889349,0,FALSE,Fast,0
254,Hubli,Zone A,367.04,25.26,2,36.8,Budget,2,0,,,330.24,0.100261552,0,FALSE,Average,0
255,Nashik,Zone D,471.52,33.2,5,75.14,Budget,2,0,,,396.38,0.159356973,0,FALSE,Average,0
256,Ujjain,Zone D,460.77,31.73,3,78.34,Budget,2,0,,,382.43,0.17001975,0,FALSE,Average,0
257,Warangal,Zone C,353.4,31.2,5,57.01,Budget,2,0,,,296.39,0.161318619,0,FALSE,Average,0
258,Hubli,Zone D,384.45,30.21,3,79.05,Budget,3,0,,,305.4,0.205618416,0,FALSE,Average,0
259,Ujjain,Zone A,403.27,33.74,1,61.78,Budget,5,1,,,341.49,0.15319761,1,FALSE,Average,0
260,Warangal,Zone C,329.56,35.01,0,63.18,Mid-range,1,1,,,266.38,0.191710159,0,FALSE,Slow,0
261,Nashik,Zone A,485.52,21.03,3,63.66,Budget,2,0,,,421.86,0.131117153,0,FALSE,Fast,0
262,Nashik,Zone A,352.8,26.34,2,57.17,Mid-range,5,0,,,295.63,0.162046485,0,FALSE,Average,0
263,Nashik,Zone A,269.35,25.01,4,59.04,Premium,3,0,,,210.31,0.219194357,0,FALSE,Average,0
264,Guntur,Zone D,327.61,26.15,1,70.22,Budget,2,0,,,257.39,0.214340222,0,FALSE,Average,0
265,Ujjain,Zone D,409.05,29.77,3,72.77,Mid-range,2,0,,,336.28,0.177900012,0,FALSE,Average,0
266,Warangal,Zone A,492,23.99,2,47.3,Budget,3,0,,,444.7,0.096138211,0,FALSE,Fast,0
267,Hubli,Zone B,374.74,25.19,1,58.91,Premium,2,0,,,315.83,0.157202327,0,FALSE,Average,0
268,Nashik,Zone A,220.77,28.31,2,72.58,Mid-range,5,0,,,148.19,0.328758436,0,FALSE,Average,0
269,Nashik,Zone A,486.67,18.45,2,61.39,Mid-range,5,0,,,425.28,0.126142972,0,FALSE,Fast,0
270,Ujjain,Zone B,400.42,17.14,4,74.54,Budget,2,0,,,325.88,0.186154538,0,FALSE,Fast,0
271,Warangal,Zone A,601,25.24,6,40.56,Mid-range,3,0,,,560.44,0.067487521,0,FALSE,Average,0
272,Guntur,Zone A,492.05,18.72,2,67.27,Mid-range,1,0,,,424.78,0.136713749,0,FALSE,Fast,0
273,Nashik,Zone A,302.08,22.1,3,65.45,Mid-range,1,0,,,236.63,0.21666446,0,FALSE,Fast,0
274,Warangal,Zone B,329.53,32.25,3,64.62,Premium,5,0,,,264.91,0.196097472,0,FALSE,Average,0
275,Guntur,Zone D,451.86,32.3,4,71.54,Budget,5,0,,,380.32,0.158323374,0,FALSE,Average,0
276,Nashik,Zone A,441.3,25.21,4,62.49,Budget,4,0,,,378.81,0.141604351,0,FALSE,Average,0
277,Nashik,Zone C,487.38,32.23,4,74.68,Budget,4,0,,,412.7,0.153227461,0,FALSE,Average,0
278,Warangal,Zone C,454.87,18.71,5,49.08,Budget,1,0,,,405.79,0.10789896,0,FALSE,Fast,0
279,Warangal,Zone B,416.71,15.63,2,69.72,Budget,4,0,,,346.99,0.1673106,0,FALSE,Fast,0
280,Hubli,Zone D,526.75,22.39,0,58.51,Budget,5,0,,,468.24,0.111077361,0,FALSE,Fast,0
281,Guntur,Zone B,237.29,24.24,2,73.61,Mid-range,2,0,,,163.68,0.310211134,0,FALSE,Fast,0
282,Hubli,Zone B,390.8,28.78,5,59.75,Budget,2,0,,,331.05,0.152891505,0,FALSE,Average,0
283,Nashik,Zone B,391.86,30.77,2,59.22,Mid-range,2,0,,,332.64,0.151125402,0,FALSE,Average,0
284,Nashik,Zone D,478.64,30.87,1,76.5,Budget,5,0,,,402.14,0.159827846,0,FALSE,Average,0
285,Nashik,Zone D,347.35,20.92,6,58.53,Mid-range,4,0,,,288.82,0.16850439,0,FALSE,Fast,0
286,Warangal,Zone D,352.55,23.48,4,70.05,Budget,3,0,,,282.5,0.198695221,0,FALSE,Fast,0
287,Warangal,Zone C,428.27,23.84,2,73.95,Budget,3,0,,,354.32,0.172671446,0,FALSE,Fast,0
288,Warangal,Zone C,413.33,23.09,8,76.24,Budget,3,0,,,337.09,0.1844531,0,FALSE,Fast,0
289,Hubli,Zone C,419.37,38.34,4,63.49,Mid-range,1,0,,,355.88,0.151393757,0,FALSE,Slow,0
290,Nashik,Zone D,526.23,33.21,3,67.9,Budget,4,0,,,458.33,0.129031032,0,FALSE,Average,0
291,Guntur,Zone A,418.37,33.16,4,73.5,Premium,4,0,,,344.87,0.175681813,0,FALSE,Average,0
292,Ujjain,Zone C,243.88,35.63,5,79.41,Budget,3,0,,,164.47,0.325610956,0,FALSE,Slow,0
293,Warangal,Zone A,342.97,32.56,3,62.17,Mid-range,4,0,,,280.8,0.181269499,0,FALSE,Average,0
294,Guntur,Zone A,259.23,25.47,3,57.52,Budget,2,0,,,201.71,0.221887899,0,FALSE,Average,0
295,Nashik,Zone A,410.64,27.24,3,55.74,Mid-range,3,0,,,354.9,0.135739334,0,FALSE,Average,0
296,Hubli,Zone D,486.95,35.72,1,75.03,Budget,5,0,,,411.92,0.154081528,0,FALSE,Slow,0
297,Guntur,Zone B,400.37,21.79,5,57.45,Budget,2,0,,,342.92,0.14349227,0,FALSE,Fast,0
298,Warangal,Zone B,405.64,35.02,3,62.48,Budget,3,0,,,343.16,0.154028202,0,FALSE,Slow,0
299,Guntur,Zone C,227.35,29.68,4,78.19,Budget,2,0,,,149.16,0.343919068,0,FALSE,Average,0
300,Warangal,Zone B,268.74,35.43,1,45.87,Premium,4,0,,,222.87,0.170685421,0,FALSE,Slow,0
301,Warangal,Zone D,374.82,23.69,1,70.61,Budget,5,0,,,304.21,0.188383758,0,FALSE,Fast,0
302,Warangal,Zone B,486.74,25.57,2,65.56,Mid-range,3,0,,,421.18,0.134692033,0,FALSE,Average,0
303,Hubli,Zone C,306.8,27.03,3,43.53,Mid-range,3,0,,,263.27,0.141883963,0,FALSE,Average,0
304,Guntur,Zone B,330.15,25.54,1,67.44,Mid-range,2,0,,,262.71,0.204270786,0,FALSE,Average,0
305,Warangal,Zone A,267.42,35.8,3,70.85,Budget,3,0,,,196.57,0.264939047,0,FALSE,Slow,0
306,Nashik,Zone C,441.98,31.57,2,71.71,Mid-range,3,0,,,370.27,0.162247161,0,FALSE,Average,0
307,Guntur,Zone A,321.05,32.69,4,48.94,Budget,4,0,,,272.11,0.152437315,0,FALSE,Average,0
308,Guntur,Zone A,577.76,26.51,3,62.12,Mid-range,5,0,,,515.64,0.107518693,0,FALSE,Average,0
309,Hubli,Zone D,379.56,29.69,4,67.27,Mid-range,3,0,,,312.29,0.177231531,0,FALSE,Average,0
310,Warangal,Zone B,366.32,19.73,0,61.34,Mid-range,3,0,,,304.98,0.167449225,0,FALSE,Fast,0
311,Hubli,Zone A,499.49,29.57,0,75.92,Budget,1,0,,,423.57,0.151995035,0,FALSE,Average,0
312,Warangal,Zone A,345.31,24.94,2,60.57,Mid-range,2,0,,,284.74,0.175407605,0,FALSE,Fast,0
313,Guntur,Zone A,315.1,26.64,4,64.87,Budget,4,0,,,250.23,0.205871152,0,FALSE,Average,0
314,Guntur,Zone C,351,21.08,0,74.32,Budget,2,0,,,276.68,0.211737892,0,FALSE,Fast,0
315,Guntur,Zone C,493.81,21.78,3,66.25,Premium,3,0,,,427.56,0.134160912,0,FALSE,Fast,0
316,Nashik,Zone A,357.87,21.09,2,70.49,Budget,1,0,,,287.38,0.196970967,0,FALSE,Fast,0
317,Ujjain,Zone D,411.59,30.83,2,70.68,Budget,1,0,,,340.91,0.171724289,0,FALSE,Average,0
318,Ujjain,Zone D,538.91,20.83,2,68.95,Budget,4,0,,,469.96,0.127943441,0,FALSE,Fast,0
319,Ujjain,Zone B,371.82,27.17,2,61.19,Budget,1,0,,,310.63,0.164568877,0,FALSE,Average,0
320,Hubli,Zone B,118.56,24.93,3,76.22,Premium,1,1,,,42.34,0.642881242,0.333333333,FALSE,Fast,0
321,Guntur,Zone A,334.66,30.45,4,63.28,Mid-range,1,0,,,271.38,0.189087432,0,FALSE,Average,0
322,Hubli,Zone D,320.74,35.14,1,71.79,Budget,5,0,,,248.95,0.223826152,0,FALSE,Slow,0
323,Guntur,Zone A,487.14,20.48,2,69.72,Mid-range,1,0,,,417.42,0.143121074,0,FALSE,Fast,0
324,Nashik,Zone D,484.54,30.58,2,66.93,Mid-range,1,0,,,417.61,0.138131011,0,FALSE,Average,0
325,Guntur,Zone C,217.83,30.34,2,46.84,Mid-range,2,0,,,170.99,0.215030069,0,FALSE,Average,0
326,Hubli,Zone D,397.04,26.97,3,67.98,Budget,1,0,,,329.06,0.171217006,0,FALSE,Average,0
327,Guntur,Zone D,287.65,26.77,3,54.23,Budget,3,0,,,233.42,0.188527725,0,FALSE,Average,0
328,Guntur,Zone D,324.16,23.79,1,80.21,Budget,1,1,,,243.95,0.247439536,1,FALSE,Fast,0
329,Guntur,Zone C,468.55,37.26,1,93.19,Mid-range,4,0,,,375.36,0.198890193,0,FALSE,Slow,0
330,Nashik,Zone B,346.84,27.25,5,56.11,Budget,4,0,,,290.73,0.161774882,0,FALSE,Average,0
331,Hubli,Zone A,480.9,21.48,3,71.13,Mid-range,5,0,,,409.77,0.147910168,0,FALSE,Fast,0
332,Ujjain,Zone A,225.9,26.98,1,56.2,Mid-range,2,0,,,169.7,0.248782647,0,FALSE,Average,0
333,Nashik,Zone D,301.1,26.5,3,47.94,Premium,5,0,,,253.16,0.159216207,0,FALSE,Average,0
334,Warangal,Zone D,291.94,40.06,2,61.31,Premium,4,0,,,230.63,0.210008906,0,FALSE,Slow,0
335,Ujjain,Zone B,411.99,33.5,0,72.13,Premium,3,0,,,339.86,0.175077065,0,FALSE,Average,0
336,Hubli,Zone C,464.35,27.37,6,57.38,Mid-range,2,0,,,406.97,0.123570583,0,FALSE,Average,0
337,Ujjain,Zone B,298.18,25.94,3,62.22,Premium,1,0,,,235.96,0.208665906,0,FALSE,Average,0
338,Nashik,Zone A,364.82,30.68,4,70.98,Budget,5,0,,,293.84,0.194561702,0,FALSE,Average,0
339,Guntur,Zone C,482.93,27.88,3,59.07,Budget,4,0,,,423.86,0.122315864,0,FALSE,Average,0
340,Nashik,Zone A,515.46,34.9,2,54.94,Budget,5,0,,,460.52,0.10658441,0,FALSE,Average,0
341,Hubli,Zone A,512.27,29.99,3,68.47,Premium,1,0,,,443.8,0.133659984,0,FALSE,Average,0
342,Ujjain,Zone A,284.53,28.97,0,63.93,Mid-range,1,0,,,220.6,0.224686325,0,FALSE,Average,0
343,Ujjain,Zone B,423.35,16.38,3,79.7,Premium,1,0,,,343.65,0.188260305,0,FALSE,Fast,0
344,Guntur,Zone B,479.16,31.09,8,63.94,Budget,4,0,,,415.22,0.133441857,0,FALSE,Average,0
345,Nashik,Zone D,412.62,26.17,4,70.48,Budget,5,0,,,342.14,0.170810916,0,FALSE,Average,0
346,Warangal,Zone D,382.98,30.27,5,63.9,Premium,4,0,,,319.08,0.166849444,0,FALSE,Average,0
347,Ujjain,Zone D,475.31,26.79,1,73.02,Mid-range,1,0,,,402.29,0.153626055,0,FALSE,Average,0
348,Guntur,Zone A,554.19,39.14,3,73.92,Budget,5,0,,,480.27,0.133383858,0,FALSE,Slow,0
349,Hubli,Zone B,484.84,31.69,1,63.65,Budget,5,0,,,421.19,0.131280422,0,FALSE,Average,0
350,Ujjain,Zone D,393.18,28.72,2,60.32,Mid-range,3,0,,,332.86,0.153415738,0,FALSE,Average,0
351,Warangal,Zone A,397.98,25.53,6,57.99,Mid-range,5,0,,,339.99,0.14571084,0,FALSE,Average,0
352,Warangal,Zone A,438.06,28.71,2,66.25,Mid-range,4,0,,,371.81,0.151234991,0,FALSE,Average,0
353,Ujjain,Zone C,439.55,24.22,5,61.82,Budget,1,0,,,377.73,0.14064384,0,FALSE,Fast,0
354,Nashik,Zone B,333.44,33.95,4,62.31,Budget,4,0,,,271.13,0.186870202,0,FALSE,Average,0
355,Warangal,Zone C,449.98,27.05,4,57.23,Mid-range,2,0,,,392.75,0.12718343,0,FALSE,Average,0
356,Guntur,Zone A,370.56,23.04,5,68.75,Mid-range,2,0,,,301.81,0.185530009,0,FALSE,Fast,0
357,Guntur,Zone A,406.98,33.31,1,64.82,Budget,2,0,,,342.16,0.159270726,0,FALSE,Average,0
358,Hubli,Zone B,438.59,30.9,4,72.29,Budget,4,0,,,366.3,0.164823639,0,FALSE,Average,0
359,Ujjain,Zone C,374.32,24.61,3,60.66,Mid-range,4,0,,,313.66,0.162053858,0,FALSE,Fast,0
360,Ujjain,Zone B,591.47,31.84,3,68.92,Premium,2,0,,,522.55,0.116523239,0,FALSE,Average,0
361,Guntur,Zone A,365.93,25.24,2,82.54,Mid-range,1,0,,,283.39,0.225562266,0,FALSE,Average,0
362,Ujjain,Zone D,319.53,20.96,2,47.19,Mid-range,2,0,,,272.34,0.147685663,0,FALSE,Fast,0
363,Ujjain,Zone B,466.73,30.19,2,62.04,Mid-range,5,0,,,404.69,0.132924817,0,FALSE,Average,0
364,Ujjain,Zone B,431.15,21.26,3,67.8,Premium,2,0,,,363.35,0.157253856,0,FALSE,Fast,0
365,Hubli,Zone D,562.71,34.37,2,92.97,Budget,1,0,,,469.74,0.165218318,0,FALSE,Average,0
366,Nashik,Zone D,359.41,29.43,2,77.87,Mid-range,4,0,,,281.54,0.216660638,0,FALSE,Average,0
367,Guntur,Zone A,322,32.63,1,48.97,Budget,2,0,,,273.03,0.152080745,0,FALSE,Average,0
368,Guntur,Zone C,333.59,34.54,0,60.33,Budget,4,0,,,273.26,0.180850745,0,FALSE,Average,0
369,Nashik,Zone C,621.81,28.4,0,57.05,Budget,2,0,,,564.76,0.091748283,0,FALSE,Average,0
370,Warangal,Zone B,529.49,35.29,3,76.21,Budget,2,0,,,453.28,0.143930952,0,FALSE,Slow,0
371,Guntur,Zone A,461.19,29.55,4,52.89,Budget,2,1,,,408.3,0.114681585,0.25,FALSE,Average,0
372,Hubli,Zone C,508.66,24.53,5,68.18,Mid-range,3,0,,,440.48,0.134038454,0,FALSE,Fast,0
373,Warangal,Zone D,552.3,31.74,6,62.24,Mid-range,5,0,,,490.06,0.112692377,0,FALSE,Average,0
374,Guntur,Zone A,369.68,29.22,3,50.62,Budget,1,0,,,319.06,0.136929236,0,FALSE,Average,0
375,Ujjain,Zone A,381.01,26.83,8,75.91,Budget,4,0,,,305.1,0.199233616,0,FALSE,Average,0
376,Ujjain,Zone D,312.97,23.81,3,85.3,Premium,4,0,,,227.67,0.272550085,0,FALSE,Fast,0
377,Guntur,Zone B,396.08,26.8,6,68.51,Premium,3,0,,,327.57,0.172970107,0,FALSE,Average,0
378,Nashik,Zone D,536.22,23.06,4,75.97,Mid-range,1,0,,,460.25,0.141676924,0,FALSE,Fast,0
379,Ujjain,Zone C,249.29,30.3,5,73.52,Mid-range,4,0,,,175.77,0.294917566,0,FALSE,Average,0
380,Ujjain,Zone B,316.59,16.75,1,78.57,Budget,1,0,,,238.02,0.248175874,0,FALSE,Fast,0
381,Warangal,Zone C,441.24,23.49,6,84.42,Budget,5,0,,,356.82,0.191324449,0,FALSE,Fast,0
382,Ujjain,Zone D,420.47,30.07,6,61.4,Mid-range,4,0,,,359.07,0.146027065,0,FALSE,Average,0
383,Nashik,Zone A,312.25,29.86,2,70.33,Mid-range,4,0,,,241.92,0.225236189,0,FALSE,Average,0
384,Hubli,Zone A,253.08,22.46,2,63.52,Mid-range,5,0,,,189.56,0.25098783,0,FALSE,Fast,0
385,Guntur,Zone D,523.1,31.27,2,68.23,Budget,2,0,,,454.87,0.130433951,0,FALSE,Average,0
386,Nashik,Zone B,579.42,20.76,7,43.29,Budget,5,1,,,536.13,0.074712644,0.142857143,FALSE,Fast,0
387,Nashik,Zone A,423.73,24.96,6,49.72,Mid-range,3,0,,,374.01,0.117338871,0,FALSE,Fast,0
388,Guntur,Zone C,320.22,27.6,3,79.43,Budget,4,0,,,240.79,0.248048217,0,FALSE,Average,0
389,Guntur,Zone B,489.03,27.47,2,58.42,Budget,4,0,,,430.61,0.119460974,0,FALSE,Average,0
390,Hubli,Zone B,285.93,29.35,3,71.08,Premium,5,0,,,214.85,0.248592313,0,FALSE,Average,0
391,Warangal,Zone D,521.26,25.55,2,67.01,Budget,3,0,,,454.25,0.128553889,0,FALSE,Average,0
392,Ujjain,Zone C,294.79,30.17,6,69.18,Mid-range,2,0,,,225.61,0.234675532,0,FALSE,Average,0
393,Hubli,Zone A,600.45,37.37,2,72.23,Budget,5,0,,,528.22,0.120293113,0,FALSE,Slow,0
394,Ujjain,Zone C,468.15,28.82,0,76.55,Budget,2,0,,,391.6,0.163515967,0,FALSE,Average,0
395,Warangal,Zone B,400.22,26.02,1,80.92,Mid-range,5,0,,,319.3,0.202188796,0,FALSE,Average,0
396,Ujjain,Zone B,263.72,39.24,3,70.48,Mid-range,5,0,,,193.24,0.267253147,0,FALSE,Slow,0
397,Nashik,Zone C,297.84,31.35,8,51.41,Budget,1,0,,,246.43,0.172609455,0,FALSE,Average,0
398,Hubli,Zone C,366.72,23.45,1,67.44,Mid-range,4,0,,,299.28,0.183900524,0,FALSE,Fast,0
399,Hubli,Zone D,369.13,26.85,5,63.68,Mid-range,2,0,,,305.45,0.172513749,0,FALSE,Average,0
400,Ujjain,Zone B,533.53,22.83,2,60.51,Mid-range,4,0,,,473.02,0.113414428,0,FALSE,Fast,0
401,Warangal,Zone A,376.23,37.66,4,61.26,Mid-range,5,0,,,314.97,0.162825931,0,FALSE,Slow,0
402,Nashik,Zone C,482.06,30.12,3,77.87,Mid-range,4,0,,,404.19,0.161535908,0,FALSE,Average,0
403,Hubli,Zone D,558.71,32.98,2,59.39,Mid-range,2,0,,,499.32,0.106298437,0,FALSE,Average,0
404,Nashik,Zone D,494.92,27.87,4,66.89,Premium,1,0,,,428.03,0.135153156,0,FALSE,Average,0
405,Hubli,Zone B,376.29,29.71,3,64.32,Mid-range,5,0,,,311.97,0.170931994,0,FALSE,Average,0
406,Hubli,Zone D,527.46,18.64,2,55.02,Mid-range,4,0,,,472.44,0.104311227,0,FALSE,Fast,0
407,Guntur,Zone D,380.82,30.54,6,59.55,Mid-range,3,0,,,321.27,0.15637309,0,FALSE,Average,0
408,Nashik,Zone C,370.91,33.86,2,90.09,Mid-range,5,0,,,280.82,0.242889111,0,FALSE,Average,0
409,Warangal,Zone D,342.84,15.69,5,50.24,Mid-range,4,1,,,292.6,0.14654066,0.2,FALSE,Fast,0
410,Ujjain,Zone A,284.14,31.06,2,54.77,Budget,4,0,,,229.37,0.192757092,0,FALSE,Average,0
411,Guntur,Zone D,367.91,25.61,1,69.95,Mid-range,1,0,,,297.96,0.19012802,0,FALSE,Average,0
412,Warangal,Zone C,523.59,34.33,1,70.34,Budget,5,0,,,453.25,0.134341756,0,FALSE,Average,0
413,Warangal,Zone A,449.31,36.03,3,66.08,Budget,2,0,,,383.23,0.147069952,0,FALSE,Slow,0
414,Ujjain,Zone B,321.66,34.61,1,67.81,Mid-range,5,0,,,253.85,0.210812659,0,FALSE,Average,0
415,Nashik,Zone D,508.76,31.25,6,65.9,Budget,1,0,,,442.86,0.129530623,0,FALSE,Average,0
416,Warangal,Zone A,399.81,28.85,0,56.94,Budget,5,0,,,342.87,0.142417648,0,FALSE,Average,0
417,Guntur,Zone B,486.25,36.41,3,59.02,Mid-range,4,0,,,427.23,0.121377892,0,FALSE,Slow,0
418,Ujjain,Zone B,270.01,23.11,4,61.49,Premium,1,0,,,208.52,0.227732306,0,FALSE,Fast,0
419,Ujjain,Zone B,553.49,25.52,1,71.95,Budget,3,0,,,481.54,0.129993315,0,FALSE,Average,0
420,Warangal,Zone A,367.68,26.21,3,64.56,Budget,3,0,,,303.12,0.175587467,0,FALSE,Average,0
421,Hubli,Zone B,517.62,25.74,2,60.71,Mid-range,4,0,,,456.91,0.117286813,0,FALSE,Average,0
422,Ujjain,Zone A,549.2,33.72,6,39.55,Budget,3,0,,,509.65,0.072013838,0,FALSE,Average,0
423,Guntur,Zone B,305.15,26.38,2,77.53,Mid-range,2,0,,,227.62,0.254071768,0,FALSE,Average,0
424,Warangal,Zone C,619.14,22.92,2,60.81,Mid-range,2,0,,,558.33,0.098216881,0,FALSE,Fast,0
425,Warangal,Zone C,244.3,29.45,2,69.66,Budget,2,0,,,174.64,0.28514122,0,FALSE,Average,0
426,Ujjain,Zone A,278.51,33.52,5,75.37,Premium,1,0,,,203.14,0.270618649,0,FALSE,Average,0
427,Nashik,Zone C,352.74,31.69,3,62.26,Mid-range,1,1,,,290.48,0.176503941,0.333333333,FALSE,Average,0
428,Warangal,Zone B,368.63,27.71,4,72.45,Budget,5,0,,,296.18,0.196538535,0,FALSE,Average,0
429,Nashik,Zone D,586.67,30.17,7,65.58,Mid-range,4,0,,,521.09,0.111783456,0,FALSE,Average,0
430,Nashik,Zone B,526.89,15.81,1,54.01,Budget,2,0,,,472.88,0.102507165,0,FALSE,Fast,0
431,Nashik,Zone D,306.71,26.48,1,55.97,Mid-range,5,0,,,250.74,0.182485084,0,FALSE,Average,0
432,Hubli,Zone A,399.94,26.41,3,82.72,Budget,5,0,,,317.22,0.206831025,0,FALSE,Average,0
433,Nashik,Zone C,472.85,26.43,1,60.05,Mid-range,1,0,,,412.8,0.126995876,0,FALSE,Average,0
434,Hubli,Zone C,440.88,34.47,3,36.6,Premium,1,0,,,404.28,0.083015787,0,FALSE,Average,0
435,Warangal,Zone A,362.67,35.6,7,66.61,Premium,3,0,,,296.06,0.183665591,0,FALSE,Slow,0
436,Ujjain,Zone A,490.56,28.69,0,60.03,Budget,2,0,,,430.53,0.122370352,0,FALSE,Average,0
437,Ujjain,Zone C,381.89,20.12,1,79.09,Mid-range,3,0,,,302.8,0.207101521,0,FALSE,Fast,0
438,Nashik,Zone A,376.17,34.31,5,73.18,Mid-range,2,0,,,302.99,0.194539703,0,FALSE,Average,0
439,Guntur,Zone B,406.95,25.26,0,68.21,Budget,1,0,,,338.74,0.167612729,0,FALSE,Average,0
440,Hubli,Zone A,414.61,35.44,3,67.52,Budget,3,0,,,347.09,0.162851837,0,FALSE,Slow,0
441,Warangal,Zone A,410.98,21.14,4,60.17,Mid-range,2,0,,,350.81,0.146406151,0,FALSE,Fast,0
442,Ujjain,Zone A,496.46,26.81,6,77.09,Mid-range,5,0,,,419.37,0.155279378,0,FALSE,Average,0
443,Hubli,Zone B,401.51,31.27,4,57.93,Budget,2,0,,,343.58,0.144280342,0,FALSE,Average,0
444,Warangal,Zone A,348.86,26.26,2,81.93,Premium,1,0,,,266.93,0.234850656,0,FALSE,Average,0
445,Guntur,Zone B,262.08,20.17,3,75.18,Mid-range,2,0,,,186.9,0.286858974,0,FALSE,Fast,0
446,Guntur,Zone A,229.23,32.64,1,68.53,Budget,4,0,,,160.7,0.298957379,0,FALSE,Average,0
447,Hubli,Zone D,309.46,23.26,4,53.74,Budget,2,0,,,255.72,0.173657339,0,FALSE,Fast,0
448,Ujjain,Zone D,393.58,23.62,1,63,Budget,2,0,,,330.58,0.160069109,0,FALSE,Fast,0
449,Ujjain,Zone B,438.19,20.89,2,77.62,Mid-range,3,0,,,360.57,0.177137771,0,FALSE,Fast,0
450,Nashik,Zone A,415.91,41.08,0,85.74,Mid-range,2,0,,,330.17,0.206150369,0,FALSE,Slow,0
451,Guntur,Zone B,514.61,26.74,0,55.89,Mid-range,2,0,,,458.72,0.108606518,0,FALSE,Average,0
452,Guntur,Zone C,409.06,18.5,1,62.31,Premium,5,0,,,346.75,0.152324842,0,FALSE,Fast,0
453,Guntur,Zone B,439.13,21.76,1,88.33,Premium,4,0,,,350.8,0.201147724,0,FALSE,Fast,0
454,Ujjain,Zone B,277.75,24.28,1,83.05,Budget,2,0,,,194.7,0.299009901,0,FALSE,Fast,0
455,Hubli,Zone D,444.91,25.97,6,72.37,Budget,3,0,,,372.54,0.162662111,0,FALSE,Average,0
456,Guntur,Zone C,584.45,24.22,5,55.58,Budget,5,0,,,528.87,0.095097955,0,FALSE,Fast,0
457,Guntur,Zone B,536.01,29.86,3,70.62,Mid-range,5,0,,,465.39,0.131751273,0,FALSE,Average,0
458,Ujjain,Zone D,428.64,20.01,2,78.01,Budget,2,0,,,350.63,0.181994214,0,FALSE,Fast,0
459,Guntur,Zone D,383.69,21.33,3,52.42,Mid-range,5,0,,,331.27,0.136620709,0,FALSE,Fast,0
460,Guntur,Zone D,260.71,34.02,2,54.37,Budget,1,0,,,206.34,0.208545894,0,FALSE,Average,0
461,Warangal,Zone D,401.81,34.42,1,48.01,Mid-range,2,0,,,353.8,0.119484333,0,FALSE,Average,0
462,Ujjain,Zone C,401.25,29.24,1,62.73,Mid-range,1,0,,,338.52,0.156336449,0,FALSE,Average,0
463,Nashik,Zone B,284.49,32.33,4,79.53,Mid-range,4,0,,,204.96,0.279552884,0,FALSE,Average,0
464,Ujjain,Zone B,408.59,27.68,3,85.65,Budget,1,0,,,322.94,0.209623339,0,FALSE,Average,0
465,Nashik,Zone C,455.97,20.24,2,66.77,Budget,2,0,,,389.2,0.146435072,0,FALSE,Fast,0
466,Nashik,Zone C,396.47,37.71,5,68.5,Budget,3,0,,,327.97,0.172774737,0,FALSE,Slow,0
467,Nashik,Zone C,361.55,22.69,2,57.42,Budget,1,0,,,304.13,0.158816208,0,FALSE,Fast,0
468,Ujjain,Zone C,332.01,26.95,5,75.42,Premium,4,0,,,256.59,0.227161832,0,FALSE,Average,0
469,Guntur,Zone D,453.01,29.26,5,80.84,Mid-range,5,0,,,372.17,0.178450807,0,FALSE,Average,0
470,Hubli,Zone D,398.02,36.02,2,65.54,Mid-range,2,0,,,332.48,0.164665092,0,FALSE,Slow,0
471,Warangal,Zone B,298.28,32.87,3,67.21,Budget,3,0,,,231.07,0.225325198,0,FALSE,Average,0
472,Warangal,Zone A,308.05,25.52,2,53.88,Mid-range,4,0,,,254.17,0.174906671,0,FALSE,Average,0
473,Nashik,Zone B,402.15,30.07,3,63.24,Mid-range,3,0,,,338.91,0.157254756,0,FALSE,Average,0
474,Nashik,Zone B,296.44,23.17,3,57.74,Premium,4,0,,,238.7,0.194778033,0,FALSE,Fast,0
475,Nashik,Zone C,341.54,26.71,2,69.23,Mid-range,2,0,,,272.31,0.202699537,0,FALSE,Average,0
476,Hubli,Zone B,252.51,30.53,5,55.69,Premium,4,1,,,196.82,0.220545721,0.2,FALSE,Average,0
477,Nashik,Zone D,459.61,24.65,3,53.68,Budget,2,0,,,405.93,0.116794674,0,FALSE,Fast,0
478,Guntur,Zone B,571.73,21.32,0,66.32,Mid-range,2,0,,,505.41,0.115998811,0,FALSE,Fast,0
479,Nashik,Zone B,455.63,22.21,3,55.02,Premium,3,0,,,400.61,0.120755876,0,FALSE,Fast,0
480,Guntur,Zone A,651.35,30.74,5,62.35,Mid-range,2,0,,,589,0.095724265,0,FALSE,Average,0
481,Ujjain,Zone A,262.29,30.66,4,58.09,Mid-range,4,1,,,204.2,0.221472416,0.25,FALSE,Average,0
482,Guntur,Zone D,339.87,23,4,68.3,Mid-range,3,0,,,271.57,0.20095919,0,FALSE,Fast,0
483,Guntur,Zone A,450.04,35.71,1,60.78,Mid-range,3,0,,,389.26,0.135054662,0,FALSE,Slow,0
484,Guntur,Zone D,437.58,32.28,3,55.52,Mid-range,5,0,,,382.06,0.126879656,0,FALSE,Average,0
485,Warangal,Zone B,344.66,18.76,5,66.81,Mid-range,1,0,,,277.85,0.193843208,0,FALSE,Fast,0
486,Nashik,Zone B,419.39,29.19,5,58.96,Premium,3,0,,,360.43,0.140585136,0,FALSE,Average,0
487,Guntur,Zone B,359.61,19.31,7,69.36,Budget,2,0,,,290.25,0.192875615,0,FALSE,Fast,0
488,Guntur,Zone B,329.18,28.15,2,67.33,Premium,1,0,,,261.85,0.20453855,0,FALSE,Average,0
489,Nashik,Zone D,529.4,21,3,55.15,Budget,3,0,,,474.25,0.104174537,0,FALSE,Fast,0
490,Ujjain,Zone A,427.08,27.53,3,58.5,Premium,4,0,,,368.58,0.136976679,0,FALSE,Average,0
491,Guntur,Zone C,207.76,29.43,4,55.25,Mid-range,4,0,,,152.51,0.265931844,0,FALSE,Average,0
492,Warangal,Zone A,409.87,39.94,2,66.15,Premium,1,0,,,343.72,0.161392637,0,FALSE,Slow,0
493,Hubli,Zone C,390.53,35.92,4,74.47,Budget,4,0,,,316.06,0.190689576,0,FALSE,Slow,0
494,Ujjain,Zone D,482.68,32.89,4,63.7,Premium,2,0,,,418.98,0.131971493,0,FALSE,Average,0
495,Hubli,Zone D,321.45,28.9,1,54.42,Premium,3,0,,,267.03,0.16929538,0,FALSE,Average,0
496,Nashik,Zone B,531.15,24.69,2,49.47,Mid-range,4,0,,,481.68,0.093137532,0,FALSE,Fast,0
497,Ujjain,Zone A,386.47,26.78,1,63.13,Budget,3,1,,,323.34,0.163350325,1,FALSE,Average,0
498,Nashik,Zone D,499.09,42.45,3,74.67,Mid-range,4,1,,,424.42,0.149612294,0.333333333,FALSE,Slow,0
499,Nashik,Zone D,427.78,21.48,3,63.81,Budget,2,0,,,363.97,0.149165459,0,FALSE,Fast,0
500,Ujjain,Zone B,270.04,29.81,2,70.61,Budget,3,0,,,199.43,0.261479781,0,FALSE,Average,0
